[{"time": 0.0, "value": 6},
{"time": 0.5, "value": 9},
{"time": 1.0, "value": 4},
{"time": 1.5, "value": 4},
{"time": 2.0, "value": 8},
{"time": 2.5, "value": 0},
{"time": 3.0, "value": 1},
{"time": 3.5, "value": 3},
{"time": 4.0, "value": 8},
{"time": 4.5, "value": 6},
{"time": 5.0, "value": 3},
{"time": 5.5, "value": 8},
{"time": 6.0, "value": 7},
{"time": 6.5, "value": 5},
{"time": 7.0, "value": 5},
{"time": 7.5, "value": 0},
{"time": 8.0, "value": 2},
{"time": 8.5, "value": 0},
{"time": 9.0, "value": 7},
{"time": 9.5, "value": 4},
{"time": 10.0, "value": 2},
{"time": 10.5, "value": 3},
{"time": 11.0, "value": 3},
{"time": 11.5, "value": 6},
{"time": 12.0, "value": 5},
{"time": 12.5, "value": 5},
{"time": 13.0, "value": 6},
{"time": 13.5, "value": 1},
{"time": 14.0, "value": 1},
{"time": 14.5, "value": 5},
{"time": 15.0, "value": 5},
{"time": 15.5, "value": 2},
{"time": 16.0, "value": 8},
{"time": 16.5, "value": 9},
{"time": 17.0, "value": 4},
{"time": 17.5, "value": 6},
{"time": 18.0, "value": 7},
{"time": 18.5, "value": 5},
{"time": 19.0, "value": 2},
{"time": 19.5, "value": 4},
{"time": 20.0, "value": 6},
{"time": 20.5, "value": 2},
{"time": 21.0, "value": 7},
{"time": 21.5, "value": 0},
{"time": 22.0, "value": 7},
{"time": 22.5, "value": 0},
{"time": 23.0, "value": 2},
{"time": 23.5, "value": 0},
{"time": 24.0, "value": 2},
{"time": 24.5, "value": 7},
{"time": 25.0, "value": 9},
{"time": 25.5, "value": 7},
{"time": 26.0, "value": 0},
{"time": 26.5, "value": 4},
{"time": 27.0, "value": 2},
{"time": 27.5, "value": 1},
{"time": 28.0, "value": 0},
{"time": 28.5, "value": 2},
{"time": 29.0, "value": 1},
{"time": 29.5, "value": 5},
{"time": 30.0, "value": 3},
{"time": 30.5, "value": 9},
{"time": 31.0, "value": 0},
{"time": 31.5, "value": 1},
{"time": 32.0, "value": 7},
{"time": 32.5, "value": 1},
{"time": 33.0, "value": 3},
{"time": 33.5, "value": 6},
{"time": 34.0, "value": 5},
{"time": 34.5, "value": 7},
{"time": 35.0, "value": 7},
{"time": 35.5, "value": 7},
{"time": 36.0, "value": 4},
{"time": 36.5, "value": 0},
{"time": 37.0, "value": 6},
{"time": 37.5, "value": 8},
{"time": 38.0, "value": 2},
{"time": 38.5, "value": 7},
{"time": 39.0, "value": 1},
{"time": 39.5, "value": 3},
{"time": 40.0, "value": 1},
{"time": 40.5, "value": 7},
{"time": 41.0, "value": 3},
{"time": 41.5, "value": 0},
{"time": 42.0, "value": 5},
{"time": 42.5, "value": 9},
{"time": 43.0, "value": 7},
{"time": 43.5, "value": 5},
{"time": 44.0, "value": 9},
{"time": 44.5, "value": 9},
{"time": 45.0, "value": 8},
{"time": 45.5, "value": 0},
{"time": 46.0, "value": 0},
{"time": 46.5, "value": 2},
{"time": 47.0, "value": 5},
{"time": 47.5, "value": 0},
{"time": 48.0, "value": 1},
{"time": 48.5, "value": 4},
{"time": 49.0, "value": 5},
{"time": 49.5, "value": 5},
{"time": 50.0, "value": 5},
{"time": 50.5, "value": 5},
{"time": 51.0, "value": 3},
{"time": 51.5, "value": 5},
{"time": 52.0, "value": 3},
{"time": 52.5, "value": 1},
{"time": 53.0, "value": 9},
{"time": 53.5, "value": 3},
{"time": 54.0, "value": 9},
{"time": 54.5, "value": 1},
{"time": 55.0, "value": 2},
{"time": 55.5, "value": 0},
{"time": 56.0, "value": 4},
{"time": 56.5, "value": 5},
{"time": 57.0, "value": 4},
{"time": 57.5, "value": 1},
{"time": 58.0, "value": 5},
{"time": 58.5, "value": 0},
{"time": 59.0, "value": 8},
{"time": 59.5, "value": 3},
{"time": 60.0, "value": 9},
{"time": 60.5, "value": 3},
{"time": 61.0, "value": 7},
{"time": 61.5, "value": 2},
{"time": 62.0, "value": 7},
{"time": 62.5, "value": 9},
{"time": 63.0, "value": 0},
{"time": 63.5, "value": 3},
{"time": 64.0, "value": 2},
{"time": 64.5, "value": 5},
{"time": 65.0, "value": 3},
{"time": 65.5, "value": 2},
{"time": 66.0, "value": 4},
{"time": 66.5, "value": 7},
{"time": 67.0, "value": 8},
{"time": 67.5, "value": 9},
{"time": 68.0, "value": 0},
{"time": 68.5, "value": 8},
{"time": 69.0, "value": 4},
{"time": 69.5, "value": 8},
{"time": 70.0, "value": 7},
{"time": 70.5, "value": 3},
{"time": 71.0, "value": 3},
{"time": 71.5, "value": 0},
{"time": 72.0, "value": 5},
{"time": 72.5, "value": 6},
{"time": 73.0, "value": 8},
{"time": 73.5, "value": 7},
{"time": 74.0, "value": 2},
{"time": 74.5, "value": 0},
{"time": 75.0, "value": 0},
{"time": 75.5, "value": 0},
{"time": 76.0, "value": 9},
{"time": 76.5, "value": 3},
{"time": 77.0, "value": 3},
{"time": 77.5, "value": 7},
{"time": 78.0, "value": 4},
{"time": 78.5, "value": 7},
{"time": 79.0, "value": 5},
{"time": 79.5, "value": 0},
{"time": 80.0, "value": 3},
{"time": 80.5, "value": 7},
{"time": 81.0, "value": 0},
{"time": 81.5, "value": 9},
{"time": 82.0, "value": 0},
{"time": 82.5, "value": 2},
{"time": 83.0, "value": 1},
{"time": 83.5, "value": 3},
{"time": 84.0, "value": 9},
{"time": 84.5, "value": 3},
{"time": 85.0, "value": 2},
{"time": 85.5, "value": 6},
{"time": 86.0, "value": 1},
{"time": 86.5, "value": 0},
{"time": 87.0, "value": 9},
{"time": 87.5, "value": 5},
{"time": 88.0, "value": 1},
{"time": 88.5, "value": 4},
{"time": 89.0, "value": 0},
{"time": 89.5, "value": 2},
{"time": 90.0, "value": 1},
{"time": 90.5, "value": 9},
{"time": 91.0, "value": 1},
{"time": 91.5, "value": 8},
{"time": 92.0, "value": 7},
{"time": 92.5, "value": 0},
{"time": 93.0, "value": 7},
{"time": 93.5, "value": 9},
{"time": 94.0, "value": 3},
{"time": 94.5, "value": 2},
{"time": 95.0, "value": 6},
{"time": 95.5, "value": 4},
{"time": 96.0, "value": 7},
{"time": 96.5, "value": 3},
{"time": 97.0, "value": 0},
{"time": 97.5, "value": 5},
{"time": 98.0, "value": 8},
{"time": 98.5, "value": 3},
{"time": 99.0, "value": 1},
{"time": 99.5, "value": 1}]
